checkoutcart,12
checkoutcart,51
checkoutcart,201
checkoutcart,378
checkoutcart,220
checkoutcart,64
checkoutcart,42
checkoutcart,108
checkoutcart,712
checkoutcart,178
checkoutcart,475
checkoutcart,390
checkoutcart,66
checkoutcart,231
checkoutcart,217
checkoutcart,399
checkoutcart,42
checkoutcart,128
checkoutcart,292
checkoutcart,518
checkoutcart,137
checkoutcart,239
checkoutcart,253
checkoutcart,222
checkoutcart,283
checkoutcart,70
checkoutcart,99
checkoutcart,299
checkoutcart,195
checkoutcart,100